customer_id,email,user_name,first_name,last_name,phone_number,birth_date,country,city,gender
30000,uriah.ford@gmail.uk,uria9140,Uriah,Ford,07700900949,1980-10-08,UK,East Riding,Male
30001,cesar.cherry@gmail.uk,cesa8338,Cesar,Cherry,07700900918,1975-01-24,UK,Manchester,Male
30002,brianna.hicks@gmail.uk,bria4288,Brianna,Hicks,07700900527,2000-08-07,UK,London,Male
30003,ariel.dougherty@gmail.uk,arie5336,Ariel,Dougherty,07700900879,1975-10-21,UK,Sheffield,Female
30004,anastasia.greer@gmail.uk,anas7804,Anastasia,Greer,07700900111,1991-04-22,UK,Leicester,Male
30005,aliana.wilson@gmail.uk,alia9043,Aliana,Wilson,07700900118,1967-12-03,UK,Glasgow,Male
30006,houston.underwood@gmail.uk,hous7407,Houston,Underwood,07700900083,1991-03-12,UK,South Lanarkshire,Male
30007,case.goodman@gmail.uk,case7687,Case,Goodman,07700900087,1976-04-01,UK,Manchester,Male
30008,trevin.becker@gmail.uk,trev8643,Trevin,Becker,07700900693,1976-09-08,UK,Edinburgh,Female
30009,braden.gamble@gmail.uk,brad9075,Braden,Gamble,07700900906,1972-07-06,UK,Manchester,Female
30010,mireya.middleton@gmail.uk,mire1680,Mireya,Middleton,07700900268,1972-08-23,UK,Nottingham,Female
30011,jason.hunter@gmail.uk,jaso5426,Jason,Hunter,07700900404,1966-06-14,UK,Wakefield,Male
30012,brian.gibson@gmail.uk,bria4379,Brian,Gibson,07700900382,1966-08-07,UK,Coventry,Male
30013,alex.jenkins@gmail.uk,alex2415,Alex,Jenkins,07700900740,1956-11-19,UK,Liverpool,Male
30014,ricardo.morrow@gmail.uk,rica8289,Ricardo,Morrow,07700900028,1963-08-06,UK,Bradford,Male
30015,braedon.brady@gmail.uk,brae2767,Braedon,Brady,07700900847,1965-08-02,UK,South Lanarkshire,Male
30016,graham.braun@gmail.uk,grah6704,Graham,Braun,07700900814,1995-02-20,UK,Belfast,Male
30017,kyle.scott@gmail.uk,kyle7751,Kyle,Scott,07700900337,1971-06-01,UK,Edinburgh,Male
30018,connor.miranda@gmail.uk,conn9218,Connor,Miranda,07700900505,1980-08-17,UK,Leicester,Male
30019,owen.garrison@gmail.uk,owen9026,Owen,Garrison,07700900006,1970-10-14,UK,South Lanarkshire,Male
30020,abel.woods@gmail.uk,abel5042,Abel,Woods,07700900214,1977-05-17,UK,Leeds,Male
30021,selina.burnett@gmail.uk,seli5798,Selina,Burnett,07700900507,1996-01-09,UK,Dudley,Male
30022,marilyn.mcdowell@gmail.uk,mari3680,Marilyn,Mcdowell,07700900906,1964-11-18,UK,Kirklees,Male
30023,ali.brandt@gmail.uk,ali6368,Ali,Brandt,07700900726,1971-07-20,UK,London,Male
30024,joy.schwartz@gmail.uk,joy9395,Joy,Schwartz,07700900269,1963-08-23,UK,Nottingham,Male
30025,ally.hayes@gmail.uk,ally2010,Ally,Hayes,07700900472,1983-01-19,UK,Cardiff,Male
30026,vanessa.potts@gmail.uk,vane8006,Vanessa,Potts,07700900926,1990-03-11,UK,Doncaster,Male
30027,trey.eaton@gmail.uk,trey3430,Trey,Eaton,07700900716,1962-08-07,UK,East Riding,Male
30028,adalyn.manning@gmail.uk,adal4873,Adalyn,Manning,07700900779,1973-03-17,UK,Coventry,Female
30029,madeleine.torres@gmail.uk,made3640,Madeleine,Torres,07700900162,1954-07-12,UK,Kirklees,Female
30030,ernesto.morton@gmail.uk,erne5085,Ernesto,Morton,07700900435,1989-09-10,UK,Cardiff,Male
30031,lawrence.gillespie@gmail.uk,lawr2287,Lawrence,Gillespie,07700900556,1991-04-20,UK,Leicester,Male
30032,trinity.gilbert@gmail.uk,trin1649,Trinity,Gilbert,07700900927,2000-06-18,UK,Glasgow,Male
30033,amina.ruiz@gmail.uk,amin4938,Amina,Ruiz,07700900907,1953-07-17,UK,South Lanarkshire,Male
30034,ally.melton@gmail.uk,ally1880,Ally,Melton,07700900223,1992-05-10,UK,Stockport,Male
30035,rebekah.horn@gmail.uk,rebe6405,Rebekah,Horn,07700900271,1951-07-24,UK,Wakefield,Male
30036,melody.wagner@gmail.uk,melo3199,Melody,Wagner,07700900863,1994-04-19,UK,Wigan,Female
30037,richard.pruitt@gmail.uk,rich3396,Richard,Pruitt,07700900980,1974-10-13,UK,Sefton,Male
30038,olivia.huerta@gmail.uk,oliv4092,Olivia,Huerta,07700900043,1987-03-21,UK,Bristol,Male
30039,zaniyah.barajas@gmail.uk,zani9375,Zaniyah,Barajas,07700900468,1957-10-05,UK,Belfast,Male
30040,maximilian.gregory@gmail.uk,maxi9227,Maximilian,Gregory,07700900881,1971-06-25,UK,Liverpool,Male
30041,serena.mccarthy@gmail.uk,sere4564,Serena,Mccarthy,07700900493,1969-12-18,UK,Sefton,Male
30042,larry.simon@gmail.uk,larr8855,Larry,Simon,07700900229,1996-07-03,UK,Fife,Male
30043,kadyn.butler@gmail.uk,kady8786,Kadyn,Butler,07700900145,1955-09-08,UK,Stockport,Female
30044,rigoberto.duran@gmail.uk,rigo8032,Rigoberto,Duran,07700900147,1955-01-05,UK,North Lanarkshire,Male
30045,gabriella.gallagher@gmail.uk,gabr6639,Gabriella,Gallagher,07700900009,1991-12-02,UK,Doncaster,Female
30046,hana.galvan@gmail.uk,hana5912,Hana,Galvan,07700900664,1966-02-25,UK,Wigan,Male
30047,luciana.odom@gmail.uk,luci4529,Luciana,Odom,07700900541,1951-08-13,UK,Sandwell,Male
30048,demetrius.dalton@gmail.uk,deme1907,Demetrius,Dalton,07700900489,1997-02-19,UK,South Lanarkshire,Male
30049,chandler.henry@gmail.uk,chan2777,Chandler,Henry,07700900333,2000-04-04,UK,Fife,Male
30050,antoine.pennington@gmail.uk,anto8554,Antoine,Pennington,07700900586,1967-06-11,UK,Cardiff,Male
30051,alfred.salazar@gmail.uk,alfr3301,Alfred,Salazar,07700900216,1952-06-23,UK,London,Male
30052,darien.davis@gmail.uk,dari8335,Darien,Davis,07700900454,1973-05-01,UK,Manchester,Female
30053,london.nunez@gmail.uk,lond8988,London,Nunez,07700900042,1978-09-04,UK,Coventry,Female
30054,kayleigh.wood@gmail.uk,kayl8244,Kayleigh,Wood,07700900747,1951-12-11,UK,Coventry,Female
30055,koen.frye@gmail.uk,koen4266,Koen,Frye,07700900791,1971-01-04,UK,Fife,Male
30056,wade.simpson@gmail.uk,wade3741,Wade,Simpson,07700900208,1999-09-18,UK,Wakefield,Male
30057,deven.singleton@gmail.uk,deve8979,Deven,Singleton,07700900629,1967-10-22,UK,Sheffield,Male
30058,kenna.meza@gmail.uk,kenn7709,Kenna,Meza,07700900762,1986-11-20,UK,Birmingham,Male
30059,tristan.keller@gmail.uk,tris6013,Tristan,Keller,07700900556,1959-08-07,UK,Leeds,Female
30060,beckett.miles@gmail.uk,beck3543,Beckett,Miles,07700900407,1956-12-13,UK,Leeds,Female
30061,coby.baxter@gmail.uk,coby7870,Coby,Baxter,07700900644,1966-03-09,UK,Wigan,Female
30062,jalen.carter@gmail.uk,jale8043,Jalen,Carter,07700900918,1996-06-24,UK,Belfast,Male
30063,ralph.reese@gmail.uk,ralp3730,Ralph,Reese,07700900245,1974-10-18,UK,Manchester,Male
30064,shania.kemp@gmail.uk,shan4275,Shania,Kemp,07700900269,1967-05-11,UK,Sheffield,Male
30065,kaiden.robles@gmail.uk,kaid2148,Kaiden,Robles,07700900334,1985-08-18,UK,Glasgow,Male
30066,maeve.palmer@gmail.uk,maev7633,Maeve,Palmer,07700900230,1975-04-03,UK,Fife,Female
30067,monserrat.hopkins@gmail.uk,mons4004,Monserrat,Hopkins,07700900596,1975-10-19,UK,South Lanarkshire,Male
30068,nathan.oneal@gmail.uk,nath8170,Nathan,Oneal,07700900834,1962-08-13,UK,Doncaster,Male
30069,ashly.campos@gmail.uk,ashl5206,Ashly,Campos,07700900788,1998-04-18,UK,South Lanarkshire,Male
30070,angelique.nelson@gmail.uk,ange6740,Angelique,Nelson,07700900711,1951-09-03,UK,Sefton,Male
30071,kenny.castaneda@gmail.uk,kenn4283,Kenny,Castaneda,07700900575,1989-11-16,UK,Sefton,Male
30072,adison.roth@gmail.uk,adis9107,Adison,Roth,07700900967,1965-03-07,UK,Coventry,Female
30073,elisabeth.sandoval@gmail.uk,elis3860,Elisabeth,Sandoval,07700900072,1959-02-11,UK,Glasgow,Male
30074,sylvia.alexander@gmail.uk,sylv2607,Sylvia,Alexander,07700900100,1977-04-21,UK,Manchester,Male
30075,emerson.carney@gmail.uk,emer2890,Emerson,Carney,07700900114,1998-08-22,UK,Birmingham,Male
30076,hayley.gentry@gmail.uk,hayl2038,Hayley,Gentry,07700900168,1959-06-19,UK,Cardiff,Female
30077,alannah.chambers@gmail.uk,alan5700,Alannah,Chambers,07700900334,1968-07-10,UK,Nottingham,Male
30078,jessica.simmons@gmail.uk,jess1724,Jessica,Simmons,07700900888,1971-09-12,UK,Stockport,Female
30079,giovanni.schmidt@gmail.uk,giov7647,Giovanni,Schmidt,07700900616,1997-06-06,UK,Sandwell,Male
30080,ricardo.mckay@gmail.uk,rica6673,Ricardo,Mckay,07700900500,1978-11-15,UK,Edinburgh,Male
30081,caitrin.snow@gmail.uk,cait5407,Caitrin,Snow,07700900739,1987-01-21,UK,Sandwell,Female
30082,jenna.winters@gmail.uk,jenn6678,Jenna,Winters,07700900915,1994-04-14,UK,Stockport,Female
30083,michelle.melton@gmail.uk,mich8727,Michelle,Melton,07700900609,1956-03-24,UK,Sheffield,Female
30084,jackie.jimenez@gmail.uk,jack2614,Jackie,Jimenez,07700900540,1959-10-21,UK,Bristol,Female
30085,alfred.barr@gmail.uk,alfr4834,Alfred,Barr,07700900949,1959-08-17,UK,North Lanarkshire,Male
30086,howard.hanson@gmail.uk,howa5174,Howard,Hanson,07700900431,1955-05-06,UK,Sunderland,Male
30087,whitney.frazier@gmail.uk,whit6439,Whitney,Frazier,07700900039,1975-11-06,UK,North Lanarkshire,Female
30088,gerry.george@gmail.uk,gerr4902,Gerry,George,07700900441,1997-05-02,UK,Wirral,Male
30089,noah.kirby@gmail.uk,noah5395,Noah,Kirby,07700900235,1961-06-22,UK,Sheffield,Male
30090,mike.harmon@gmail.uk,mike6773,Mike,Harmon,07700900537,1956-03-10,UK,Sandwell,Male
30091,travis.stevenson@gmail.uk,trav2525,Travis,Stevenson,07700900938,1950-11-23,UK,Sefton,Male
30092,callum.hogan@gmail.uk,call7315,Callum,Hogan,07700900742,1963-02-17,UK,Wirral,Male
30093,jabari.dodson@gmail.uk,jaba4214,Jabari,Dodson,07700900115,2000-09-12,UK,Sandwell,Male
30094,stephanie.bray@gmail.uk,step2351,Stephanie,Bray,07700900841,1971-08-19,UK,Coventry,Male
30095,rubi.leblanc@gmail.uk,rubi7516,Rubi,Leblanc,07700900115,1983-04-16,UK,Dudley,Male
30096,aileen.cochran@gmail.uk,aile4975,Aileen,Cochran,07700900570,1976-04-07,UK,Leicester,Male
30097,thaddeus.mueller@gmail.uk,thad3705,Thaddeus,Mueller,07700900968,1955-04-01,UK,Nottingham,Male
30098,layla.hull@gmail.uk,layl9272,Layla,Hull,07700900431,1963-10-20,UK,Wakefield,Male
30099,yesenia.beard@gmail.uk,yese6999,Yesenia,Beard,07700900222,1970-11-23,UK,Cardiff,Male
30100,jase.hanna@gmail.uk,jase1640,Jase,Hanna,07700900179,2000-09-22,UK,Birmingham,Female
30101,jakayla.suarez@gmail.uk,jaka6674,Jakayla,Suarez,07700900175,1977-07-17,UK,Birmingham,Male
30102,aspen.dixon@gmail.uk,aspe2630,Aspen,Dixon,07700900131,1978-06-19,UK,East Riding,Male
30103,lewis.spears@gmail.uk,lewi5529,Lewis,Spears,07700900362,1991-07-17,UK,Sefton,Male
30104,ronald.anderson@gmail.uk,rona8174,Ronald,Anderson,07700900214,1961-09-01,UK,Birmingham,Male
30105,raquel.wu@gmail.uk,raqu2802,Raquel,Wu,07700900698,1993-12-03,UK,Stockport,Male
30106,andy.blanchard@gmail.uk,andy8728,Andy,Blanchard,07700900125,1997-05-15,UK,Coventry,Male
30107,patrick.beard@gmail.uk,patr7243,Patrick,Beard,07700900425,1970-09-20,UK,Coventry,Female
30108,yadira.morton@gmail.uk,yadi2450,Yadira,Morton,07700900189,1984-10-16,UK,Wirral,Female
30109,carlo.wilkins@gmail.uk,carl7042,Carlo,Wilkins,07700900948,1950-05-07,UK,Stockport,Male
30110,kaylin.lambert@gmail.uk,kayl6339,Kaylin,Lambert,07700900337,1950-10-19,UK,Glasgow,Male
30111,mary.petty@gmail.uk,mary8868,Mary,Petty,07700900538,1988-07-19,UK,Coventry,Male
30112,harper.levy@gmail.uk,harp3325,Harper,Levy,07700900976,1957-08-21,UK,Leicester,Male
30113,charles.durham@gmail.uk,char3183,Charles,Durham,07700900183,1956-04-24,UK,Leeds,Male
30114,jaron.stevens@gmail.uk,jaro9046,Jaron,Stevens,07700900748,1992-08-12,UK,Bradford,Male
30115,jordyn.patton@gmail.uk,jord5219,Jordyn,Patton,07700900939,1989-07-10,UK,Sefton,Male
30116,valentino.guzman@gmail.uk,vale8698,Valentino,Guzman,07700900127,1969-04-22,UK,Wakefield,Male
30117,charles.mayo@gmail.uk,char2955,Charles,Mayo,07700900952,1988-04-06,UK,Wigan,Male
30118,kamden.frederick@gmail.uk,kamd9352,Kamden,Frederick,07700900297,1980-02-06,UK,Leicester,Male
30119,kiley.oneill@gmail.uk,kile8666,Kiley,Oneill,07700900215,1994-12-16,UK,Sefton,Male
30120,darien.allison@gmail.uk,dari9392,Darien,Allison,07700900072,1965-02-04,UK,Dudley,Female
30121,madeline.clark@gmail.uk,made7994,Madeline,Clark,07700900500,1997-09-02,UK,Sunderland,Female
30122,zain.blanchard@gmail.uk,zain8195,Zain,Blanchard,07700900728,1978-07-03,UK,Bradford,Female
30123,hezekiah.henry@gmail.uk,heze6624,Hezekiah,Henry,07700900671,1992-04-22,UK,North Lanarkshire,Female
30124,kaia.huffman@gmail.uk,kaia8104,Kaia,Huffman,07700900083,1960-02-21,UK,Manchester,Male
30125,mathias.lopez@gmail.uk,math7027,Mathias,Lopez,07700900815,1950-01-24,UK,Sunderland,Male
30126,simeon.sweeney@gmail.uk,sime4014,Simeon,Sweeney,07700900252,1998-04-15,UK,Leicester,Male
30127,magdalena.pratt@gmail.uk,magd3805,Magdalena,Pratt,07700900602,1975-07-13,UK,Glasgow,Male
30128,gwendolyn.whitney@gmail.uk,gwen3843,Gwendolyn,Whitney,07700900492,1969-06-12,UK,Leeds,Male
30129,demarion.leon@gmail.uk,dema8732,Demarion,Leon,07700900711,1976-05-18,UK,Kirklees,Male
30130,katelyn.armstrong@gmail.uk,kate6112,Katelyn,Armstrong,07700900734,1981-02-24,UK,Bradford,Male
30131,miranda.preston@gmail.uk,mira3158,Miranda,Preston,07700900844,1986-06-07,UK,East Riding,Male
30132,breanna.guerrero@gmail.uk,brea4901,Breanna,Guerrero,07700900614,1973-05-14,UK,Stockport,Male
30133,nathaly.oliver@gmail.uk,nath7072,Nathaly,Oliver,07700900617,1996-02-20,UK,North Lanarkshire,Male
30134,maximus.yoder@gmail.uk,maxi6383,Maximus,Yoder,07700900494,1968-07-18,UK,Doncaster,Female
30135,demarcus.flowers@gmail.uk,dema5978,Demarcus,Flowers,07700900134,1993-04-13,UK,Bradford,Female
30136,fernando.ramirez@gmail.uk,fern3560,Fernando,Ramirez,07700900989,1983-12-09,UK,Fife,Female
30137,keon.ray@gmail.uk,keon7807,Keon,Ray,07700900135,1972-04-18,UK,Leeds,Male
30138,amanda.palmer@gmail.uk,aman4110,Amanda,Palmer,07700900243,1959-03-18,UK,Kirklees,Male
30139,trace.hawkins@gmail.uk,trac6086,Trace,Hawkins,07700900574,1971-01-24,UK,Birmingham,Male
30140,yuliana.miranda@gmail.uk,yuli3649,Yuliana,Miranda,07700900467,1962-06-04,UK,Cardiff,Male
30141,bailey.murray@gmail.uk,bail2299,Bailey,Murray,07700900532,1951-07-13,UK,Birmingham,Male
30142,avah.sawyer@gmail.uk,avah8998,Avah,Sawyer,07700900281,1954-03-21,UK,Fife,Male
30143,cody.hogan@gmail.uk,cody3006,Cody,Hogan,07700900508,1972-12-20,UK,East Riding,Male
30144,eli.bennett@gmail.uk,eli7404,Eli,Bennett,07700900449,1995-05-23,UK,Sandwell,Male
30145,felipe.robertson@gmail.uk,feli8861,Felipe,Robertson,07700900137,1956-09-05,UK,Wirral,Male
30146,abdiel.bugali@gmail.uk,abdi4262,Abdiel,Bugali,07700900699,1983-02-25,UK,Leeds,Male
30147,lane.leach@gmail.uk,lane5274,Lane,Leach,07700900449,1952-04-03,UK,Sefton,Female
30148,vincent.eaton@gmail.uk,vinc1687,Vincent,Eaton,07700900280,1999-02-09,UK,East Riding,Male
30149,nasir.rossetti@gmail.uk,nasi2105,Nasir,Rossetti,07700900207,1970-03-21,UK,Sefton,Male
30150,quincy.goyal@gmail.uk,quin7104,Quincy,Goyal,07700900218,1955-06-12,UK,Belfast,Male
30151,alena.bean@gmail.uk,alen8705,Alena,Bean,07700900915,1984-07-02,UK,Sefton,Male
30152,clay.veera@gmail.uk,clay8624,Clay,Veera,07700900330,1990-11-07,UK,Glasgow,Male
30153,kayden.davis@gmail.uk,kayd6039,Kayden,Davis,07700900177,1957-06-21,UK,Coventry,Male
30154,presley.stanford@gmail.uk,pres5156,Presley,Stanford,07700900562,1983-12-22,UK,Wirral,Male
30155,christine.gosciminski@gmail.uk,chri2975,Christine,Gosciminski,07700900540,1985-10-19,UK,Bristol,Male
30156,jasmine.latif@gmail.uk,jasm3387,Jasmine,Latif,07700900053,1965-09-02,UK,North Lanarkshire,Male
30157,jaime.woodson@gmail.uk,jaim5734,Jaime,Woodson,07700900069,1962-09-25,UK,Kirklees,Male
30158,keagan.purinton@gmail.uk,keag3729,Keagan,Purinton,07700900251,1974-07-06,UK,Belfast,Male
30159,charlize.mckenna@gmail.uk,char6881,Charlize,Mckenna,07700900800,1962-09-23,UK,Cardiff,Female
30160,kendrick.baker@gmail.uk,kend9099,Kendrick,Baker,07700900589,1997-11-08,UK,London,Female
30161,meadow.small@gmail.uk,mead9026,Meadow,Small,07700900703,1961-12-09,UK,Bristol,Female
30162,ryker.aguirre@gmail.uk,ryke3591,Ryker,Aguirre,07700900002,1961-06-19,UK,Edinburgh,Male
30163,bruno.davila@gmail.uk,brun4477,Bruno,Davila,07700900438,1966-02-03,UK,Birmingham,Male
30164,luciana.bradley@gmail.uk,luci3401,Luciana,Bradley,07700900857,1963-02-19,UK,Edinburgh,Male
30165,johnathon.manning@gmail.uk,john2817,Johnathon,Manning,07700900203,1976-04-06,UK,East Riding,Male
30166,joaquin.bean@gmail.uk,joaq6082,Joaquin,Bean,07700900370,1977-04-05,UK,Bradford,Male
30167,ralph.avila@gmail.uk,ralp8347,Ralph,Avila,07700900731,1972-04-13,UK,Wakefield,Male
30168,malcolm.irwin@gmail.uk,malc3346,Malcolm,Irwin,07700900374,1960-04-14,UK,Fife,Male
30169,adam.mercer@gmail.uk,adam5197,Adam,Mercer,07700900782,1991-11-11,UK,Fife,Male
30170,isis.vargas@gmail.uk,isis7994,Isis,Vargas,07700900523,1995-02-10,UK,North Lanarkshire,Male
30171,meadow.harrison@gmail.uk,mead6438,Meadow,Harrison,07700900090,1988-07-19,UK,Bristol,Male
30172,benjamin.york@gmail.uk,benj5358,Benjamin,York,07700900262,1950-07-10,UK,Wakefield,Male
30173,jaycee.walton@gmail.uk,jayc7681,Jaycee,Walton,07700900986,1975-01-10,UK,Manchester,Male
30174,cannon.mayo@gmail.uk,cann6360,Cannon,Mayo,07700900111,1997-02-14,UK,Fife,Female
30175,brynn.vega@gmail.uk,bryn3390,Brynn,Vega,07700900472,1952-07-12,UK,Stockport,Female
30176,isla.fischer@gmail.uk,isla5329,Isla,Fischer,07700900479,1961-04-08,UK,Leicester,Male
30177,annalise.peterson@gmail.uk,anna7237,Annalise,Peterson,07700900565,1970-02-21,UK,Coventry,Male
30178,theodore.stokes@gmail.uk,theo4831,Theodore,Stokes,07700900867,1993-05-24,UK,Stockport,Male
30179,emily.raymond@gmail.uk,emil3229,Emily,Raymond,07700900678,1993-08-19,UK,Nottingham,Male
30180,madyson.fletcher@gmail.uk,mady6145,Madyson,Fletcher,07700900586,1955-01-17,UK,Cardiff,Male
30181,rachel.chung@gmail.uk,rach4278,Rachel,Chung,07700900392,1952-09-24,UK,Wigan,Male
30182,julie.carson@gmail.uk,juli6237,Julie,Carson,07700900972,1965-06-20,UK,Nottingham,Male
30183,alejandro.zuniga@gmail.uk,alej4244,Alejandro,Zuniga,07700900051,1990-12-10,UK,Wakefield,Female
30184,yadiel.reilly@gmail.uk,yadi6288,Yadiel,Reilly,07700900345,1983-05-15,UK,London,Female
30185,colt.randolph@gmail.uk,colt5434,Colt,Randolph,07700900730,1981-08-16,UK,Nottingham,Male
30186,madalyn.hale@gmail.uk,mada6178,Madalyn,Hale,07700900354,1966-02-02,UK,Coventry,Male
30187,clara.orozco@gmail.uk,clar1682,Clara,Orozco,07700900764,1980-04-20,UK,Edinburgh,Male
30188,cheyenne.fisher@gmail.uk,chey6747,Cheyenne,Fisher,07700900855,1960-11-24,UK,Doncaster,Female
30189,emerson.preston@gmail.uk,emer2165,Emerson,Preston,07700900319,1982-04-19,UK,Coventry,Male
30190,sawyer.davila@gmail.uk,sawy5537,Sawyer,Davila,07700900522,1974-03-21,UK,Wakefield,Male
30191,kyleigh.phillips@gmail.uk,kyle9123,Kyleigh,Phillips,07700900213,1979-11-15,UK,Edinburgh,Male
30192,maximus.mahoney@gmail.uk,maxi8476,Maximus,Mahoney,07700900239,2000-12-21,UK,Manchester,Male
30193,martin.ochoa@gmail.uk,mart4708,Martin,Ochoa,07700900181,1989-10-10,UK,Coventry,Male
30194,uriah.hogan@gmail.uk,uria6774,Uriah,Hogan,07700900442,1997-06-18,UK,Doncaster,Male
30195,kianna.cooke@gmail.uk,kian7277,Kianna,Cooke,07700900152,1985-11-20,UK,Bradford,Male
30196,alexandra.mcintosh@gmail.uk,alex3591,Alexandra,Mcintosh,07700900978,1963-12-12,UK,Leicester,Female
30197,fletcher.may@gmail.uk,flet2629,Fletcher,May,07700900788,1996-11-11,UK,Stockport,Male
30198,davian.kent@gmail.uk,davi5632,Davian,Kent,07700900867,1957-02-10,UK,London,Male
30199,maxim.anthony@gmail.uk,maxi3762,Maxim,Anthony,07700900384,1987-02-05,UK,Sefton,Female
30200,santiago.beltran@gmail.uk,sant8043,Santiago,Beltran,07700900155,1985-08-17,UK,Manchester,Female
30201,zara.bryant@gmail.uk,zara4205,Zara,Bryant,07700900626,1964-02-10,UK,Glasgow,Male
30202,darian.pham@gmail.uk,dari8111,Darian,Pham,07700900088,1974-04-13,UK,Manchester,Male
30203,gabriel.carpenter@gmail.uk,gabr7067,Gabriel,Carpenter,07700900924,1975-07-14,UK,Liverpool,Male
30204,madyson.reynolds@gmail.uk,mady9433,Madyson,Reynolds,07700900664,1986-12-10,UK,Nottingham,Male
30205,kellen.howell@gmail.uk,kell8540,Kellen,Howell,07700900778,1961-05-25,UK,Manchester,Male
30206,samir.sutton@gmail.uk,sami7217,Samir,Sutton,07700900994,1954-04-19,UK,East Riding,Male
30207,stephanie.arias@gmail.uk,step4365,Stephanie,Arias,07700900416,2000-06-22,UK,Bristol,Male
30208,walter.serrano@gmail.uk,walt9429,Walter,Serrano,07700900766,1951-10-09,UK,East Riding,Female
30209,misael.serrano@gmail.uk,misa7241,Misael,Serrano,07700900825,1957-06-21,UK,Wigan,Female
30210,melinda.hill@gmail.uk,meli4403,Melinda,Hill,07700900222,1962-05-24,UK,Sheffield,Female
30211,patrick.henry@gmail.uk,patr5914,Patrick,Henry,07700900265,1980-09-15,UK,Glasgow,Male
30212,adeel.dunlap@gmail.uk,adee3037,Adeel,Dunlap,07700900595,1989-11-18,UK,Cardiff,Male
30213,lisa.petty@gmail.uk,lisa8787,Lisa,Petty,07700900261,1993-07-15,UK,Sefton,Female
30214,louis.pace@gmail.uk,loui5980,Louis,Pace,07700900698,1996-04-07,UK,Bristol,Male
30215,michael.becker@gmail.uk,mich6965,Michael,Becker,07700900916,1963-09-13,UK,Fife,Male
30216,earnest.page@gmail.uk,earn9081,Earnest,Page,07700900578,1966-07-22,UK,Stockport,Male
30217,kimberly.galloway@gmail.uk,kimb8042,Kimberly,Galloway,07700900897,1993-08-20,UK,Leeds,Female
30218,adil.guerra@gmail.uk,adil3138,Adil,Guerra,07700900891,1955-07-13,UK,Wigan,Male
30219,barbara.mitchell@gmail.uk,barb7829,Barbara,Mitchell,07700900669,1977-02-07,UK,Bradford,Female
30220,carla.potter@gmail.uk,carl6957,Carla,Potter,07700900874,1972-07-25,UK,Edinburgh,Female
30221,francesco a.fritz@gmail.uk,fran3367,Francesco A,Fritz,07700900206,1979-02-02,UK,Liverpool,Male
30222,colleen.avila@gmail.uk,coll3103,Colleen,Avila,07700900386,1950-02-12,UK,Coventry,Female
30223,jean.davila@gmail.uk,jean8563,Jean,Davila,07700900657,1985-05-15,UK,Wirral,Male
30224,neveah.houston@gmail.uk,neve5333,Neveah,Houston,07700900191,2000-10-03,UK,Liverpool,Male
30225,tia.hurst@gmail.uk,tia8577,Tia,Hurst,07700900736,1969-08-10,UK,Glasgow,Male
30226,alexandra.moreno@gmail.uk,alex6273,Alexandra,Moreno,07700900256,1974-01-13,UK,Cardiff,Male
30227,tony.berg@gmail.uk,tony6716,Tony,Berg,07700900430,1999-12-08,UK,South Lanarkshire,Male
30228,macy.cowan@gmail.uk,macy4711,Macy,Cowan,07700900994,1955-09-10,UK,Bristol,Male
30229,toby.khan@gmail.uk,toby4862,Toby,Khan,07700900327,1973-09-20,UK,Leicester,Female
30230,karlee.vaughan@gmail.uk,karl8987,Karlee,Vaughan,07700900850,1989-10-15,UK,Sefton,Male
30231,hector.ibarra@gmail.uk,hect2131,Hector,Ibarra,07700900556,1968-05-05,UK,Wakefield,Male
30232,javon.cruz@gmail.uk,javo5009,Javon,Cruz,07700900843,1984-02-16,UK,Bradford,Male
30233,lilly.smith@gmail.uk,lill1869,Lilly,Smith,07700900635,1973-07-17,UK,Cardiff,Male
30234,anika.willis@gmail.uk,anik2443,Anika,Willis,07700900355,1996-07-18,UK,Leeds,Male
30235,ishaan.morse@gmail.uk,isha1687,Ishaan,Morse,07700900686,1964-08-16,UK,North Lanarkshire,Male
30236,lorelei.sexton@gmail.uk,lore6731,Lorelei,Sexton,07700900162,1995-04-13,UK,Wigan,Male
30237,gillian.ryan@gmail.uk,gill2630,Gillian,Ryan,07700900586,1971-07-22,UK,Sandwell,Male
30238,atticus.preston@gmail.uk,atti8280,Atticus,Preston,07700900558,1977-11-16,UK,Leeds,Male
30239,caden.pineda@gmail.uk,cade8395,Caden,Pineda,07700900751,1973-12-05,UK,Sefton,Female
30240,brooks.hickman@gmail.uk,broo3780,Brooks,Hickman,07700900586,1967-05-25,UK,Nottingham,Female
30241,isabel.hancock@gmail.uk,isab4159,Isabel,Hancock,07700900661,1998-05-23,UK,London,Male
30242,joselyn.sheppard@gmail.uk,jose6986,Joselyn,Sheppard,07700900765,1958-03-14,UK,Edinburgh,Male
30243,diamond.nunez@gmail.uk,diam5484,Diamond,Nunez,07700900907,1994-10-07,UK,Edinburgh,Male
30244,eden.huff@gmail.uk,eden3834,Eden,Huff,07700900901,1969-08-21,UK,Doncaster,Male
30245,emely.villanueva@gmail.uk,emel2450,Emely,Villanueva,07700900121,1966-01-08,UK,Stockport,Male
30246,corinne.anderson@gmail.uk,cori5960,Corinne,Anderson,07700900776,1979-06-05,UK,London,Female
30247,destiny.bush@gmail.uk,dest3668,Destiny,Bush,07700900820,1989-11-12,UK,East Riding,Female
30248,zaria.lindsey@gmail.uk,zari7690,Zaria,Lindsey,07700900108,1980-02-13,UK,Liverpool,Male
30249,adam.bonilla@gmail.uk,adam4857,Adam,Bonilla,07700900600,1969-10-23,UK,Belfast,Male
30250,makenna.richmond@gmail.uk,make7038,Makenna,Richmond,07700900367,1977-10-01,UK,London,Male
30251,devon.hill@gmail.uk,devo5709,Devon,Hill,07700900767,1955-09-02,UK,Sefton,Male
30252,lucy.mooney@gmail.uk,lucy7800,Lucy,Mooney,07700900610,1998-11-20,UK,Dudley,Female
30253,rebecca.donaldson@gmail.uk,rebe6941,Rebecca,Donaldson,07700900454,1988-07-12,UK,Dudley,Female
30254,avery.dunn@gmail.uk,aver3409,Avery,Dunn,07700900007,1997-11-07,UK,Glasgow,Male
30255,brian.ponce@gmail.uk,bria4916,Brian,Ponce,07700900258,1969-10-12,UK,Sandwell,Female
30256,kendra.hooper@gmail.uk,kend5534,Kendra,Hooper,07700900605,1969-11-19,UK,Dudley,Male
30257,jabari.mayo@gmail.uk,jaba7798,Jabari,Mayo,07700900120,1991-07-20,UK,Belfast,Male
30258,aurora.arroyo@gmail.uk,auro3612,Aurora,Arroyo,07700900931,1957-07-15,UK,North Lanarkshire,Male
30259,enrique.kemp@gmail.uk,enri6868,Enrique,Kemp,07700900848,1980-06-09,UK,Glasgow,Male
30260,luke.conway@gmail.uk,luke2967,Luke,Conway,07700900716,1965-02-11,UK,Coventry,Female
30261,ricardo.cooke@gmail.uk,rica5975,Ricardo,Cooke,07700900642,1959-05-25,UK,Coventry,Female
30262,camila.barry@gmail.uk,cami7434,Camila,Barry,07700900374,1964-01-12,UK,Wakefield,Male
30263,tripp.frank@gmail.uk,trip4343,Tripp,Frank,07700900593,1983-05-09,UK,Sandwell,Male
30264,davin.flores@gmail.uk,davi7090,Davin,Flores,07700900134,1985-12-22,UK,London,Male
30265,pierce.bright@gmail.uk,pier3161,Pierce,Bright,07700900677,1964-03-08,UK,Wakefield,Male
30266,eliezer.callahan@gmail.uk,elie5243,Eliezer,Callahan,07700900045,1996-11-07,UK,London,Female
30267,talan.dickson@gmail.uk,tala5773,Talan,Dickson,07700900559,1961-06-23,UK,Birmingham,Male
30268,van.moss@gmail.uk,van6479,Van,Moss,07700900177,1977-06-04,UK,Bradford,Male
30269,roger.roman@gmail.uk,roge5135,Roger,Roman,07700900936,1978-05-04,UK,Wigan,Female
30270,ignacio.bullock@gmail.uk,igna8446,Ignacio,Bullock,07700900167,1984-09-16,UK,Nottingham,Female
30271,jaydon.beltran@gmail.uk,jayd9428,Jaydon,Beltran,07700900931,1966-11-10,UK,Birmingham,Female
30272,serenity.anderson@gmail.uk,sere5806,Serenity,Anderson,07700900331,1975-04-10,UK,Kirklees,Male
30273,leslie.ashley@gmail.uk,lesl8065,Leslie,Ashley,07700900289,1988-08-08,UK,Wigan,Male
30274,craig.carney@gmail.uk,crai4126,Craig,Carney,07700900023,1988-01-05,UK,Belfast,Male
30275,lilyana.joseph@gmail.uk,lily3500,Lilyana,Joseph,07700900632,1961-03-12,UK,South Lanarkshire,Male
30276,jacey.ibarra@gmail.uk,jace2936,Jacey,Ibarra,07700900321,1979-12-16,UK,Liverpool,Male
30277,liberty.marquez@gmail.uk,libe1886,Liberty,Marquez,07700900076,1989-08-17,UK,Wirral,Female
30278,antonio.hughes@gmail.uk,anto2171,Antonio,Hughes,07700900817,1964-05-06,UK,Edinburgh,Female
30279,jaylen.fritz@gmail.uk,jayl8373,Jaylen,Fritz,07700900463,1987-11-23,UK,North Lanarkshire,Male
30280,gloria.medina@gmail.uk,glor5682,Gloria,Medina,07700900741,1967-10-03,UK,Stockport,Male
30281,jordon.middleton@gmail.uk,jord2455,Jordon,Middleton,07700900344,1982-03-14,UK,Stockport,Male
30282,ryan.camacho@gmail.uk,ryan3402,Ryan,Camacho,07700900536,1984-05-18,UK,Wirral,Female
30283,manuel.beard@gmail.uk,manu2688,Manuel,Beard,07700900444,1972-10-19,UK,Manchester,Male
30284,litzy.barber@gmail.uk,litz3636,Litzy,Barber,07700900549,1997-02-19,UK,Kirklees,Male
30285,jett.mcmillan@gmail.uk,jett8750,Jett,Mcmillan,07700900070,1965-01-04,UK,Sunderland,Female
30286,mallory.garrison@gmail.uk,mall6402,Mallory,Garrison,07700900261,1950-12-15,UK,Kirklees,Female
30287,pierre.reeves@gmail.uk,pier4140,Pierre,Reeves,07700900620,1972-02-04,UK,Nottingham,Male
30288,carleigh.short@gmail.uk,carl3053,Carleigh,Short,07700900880,1961-06-03,UK,Leicester,Male
30289,rihanna.kane@gmail.uk,riha9266,Rihanna,Kane,07700900432,1978-01-09,UK,Leicester,Male
30290,eden.mcmillan@gmail.uk,eden4869,Eden,Mcmillan,07700900136,1956-11-04,UK,Coventry,Male
30291,nathanial.larson@gmail.uk,nath6374,Nathanial,Larson,07700900159,1962-07-25,UK,Wakefield,Male
30292,eileen.jefferson@gmail.uk,eile2221,Eileen,Jefferson,07700900380,1994-09-22,UK,Sefton,Female
30293,kale.montgomery@gmail.uk,kale8478,Kale,Montgomery,07700900864,1953-08-18,UK,East Riding,Female
30294,sage.sanders@gmail.uk,sage7832,Sage,Sanders,07700900261,1977-01-20,UK,Doncaster,Female
30295,colin.mcguire@gmail.uk,coli3861,Colin,Mcguire,07700900619,1967-05-23,UK,Sunderland,Male
30296,maria.zavala@gmail.uk,mari6018,Maria,Zavala,07700900156,1978-08-05,UK,Cardiff,Male
30297,randall.boone@gmail.uk,rand3252,Randall,Boone,07700900265,1981-12-23,UK,Edinburgh,Male
